major_title,median_earnings,median_debt,earn_premium,est_payback_years,programs_count
Petroleum Engineering,91298.0,24211.0,35898.0,8.95,21
Computer Engineering,89103.0,23000.0,33703.0,9.53,196
"Electrical, Electronics and Communications Engineering",87301.0,23000.0,31901.0,10.04,278
Chemical Engineering,86191.0,22732.0,30791.0,10.28,162
"Aerospace, Aeronautical and Astronautical Engineering",85053.0,23694.0,29653.0,10.63,62
Computer Science,81911.0,22067.0,26511.0,10.36,372
Mechanical Engineering,80947.0,22822.0,25547.0,11.63,329
Industrial Engineering,80644.0,24387.0,25244.0,11.61,97
Construction Management,79735.0,22813.0,24335.0,11.735,62
"Engineering, Other",78825.5,22500.0,23425.5,12.11,20
"Pharmacy, Pharmaceutical Sciences, and Administration",78809.0,23950.0,23409.0,7.37,26
Biomedical/Medical Engineering,78639.0,22588.0,23239.0,11.44,124
Construction Engineering Technologies,78581.5,22479.0,23181.5,11.93,50
Materials Engineering,78265.0,23000.0,22865.0,12.09,37
"Engineering, General",77918.0,25373.5,22518.0,12.41,63
Architectural Engineering,77591.0,25508.0,22191.0,12.82,15
Electrical Engineering Technologies/Technicians,75968.0,27000.0,20568.0,13.71,66
Civil Engineering,75390.5,22608.5,19990.5,13.59,236
Engineering-Related Fields,74434.0,24570.0,19034.0,13.87,36
Agricultural Engineering,73303.0,22437.0,17903.0,13.66,25
"Computer and Information Sciences, General",73124.0,22750.0,17724.0,13.27,498
Fire Protection,72886.0,23469.0,17486.0,12.27,21
Computer Engineering Technologies/Technicians,72749.0,33106.0,17349.0,16.68,36
"Registered Nursing, Nursing Administration, Nursing Research and Clinical Nursing",72411.0,22750.0,17011.0,14.774999999999999,1061
Electromechanical Instrumentation and Maintenance Technologies/Technicians,72119.0,50844.0,16719.0,17.26,22
"Engineering Technologies/Technicians, Other",71782.5,24544.0,16382.5,14.215,18
Information Science/Studies,71263.0,23808.0,15863.0,13.97,145
Quality Control and Safety Technologies/Technicians,71261.0,24875.0,15861.0,15.835,21
Applied Mathematics,71058.5,20635.0,15658.5,13.47,50
"Engineering Technology, General",70608.0,24687.5,15208.0,15.23,39
Statistics,70447.0,19588.5,15047.0,12.92,55
Civil Engineering Technologies/Technicians,70327.0,25812.5,14927.0,16.619999999999997,17
Computer Programming,70157.5,30125.0,14757.5,14.85,42
Mechanical Engineering Related Technologies/Technicians,70143.0,25530.0,14743.0,15.62,65
Management Information Systems and Services,69773.0,22300.0,14373.0,14.315000000000001,187
Industrial Production Technologies/Technicians,68935.0,21229.0,13535.0,14.87,57
Management Sciences and Quantitative Methods,67841.0,22556.5,12441.0,14.67,130
Environmental/Environmental Health Engineering,67326.5,21500.0,11926.5,18.97,50
Computer Systems Networking and Telecommunications,66360.0,33845.0,10960.0,23.36,56
Insurance,65461.0,21250.0,10061.0,13.855,23
Computer Systems Analysis,65324.0,40509.0,9924.0,25.29,40
Economics,65176.0,20500.0,9776.0,18.935000000000002,395
Finance and Financial Management Services,64385.0,21500.0,8985.0,18.83,466
Clinical/Medical Laboratory Science/Research and Allied Professions,63606.0,20778.0,8206.0,25.21,107
Business/Managerial Economics,63433.0,21000.0,8033.0,16.990000000000002,97
Computer/Information Technology Administration and Management,63039.0,25250.0,7639.0,22.66,120
Real Estate,61641.0,20319.0,6241.0,13.8,29
Air Transportation,61010.0,22067.0,5610.0,18.950000000000003,65
Architecture,60222.0,26250.0,4822.0,31.66,95
Accounting and Related Services,60151.5,23043.5,4751.5,23.045,850
"General Sales, Merchandising and Related Marketing Operations",59787.0,22000.0,4387.0,22.405,35
Food Science and Technology,59182.0,20945.0,3782.0,29.43,31
Dental Support Services and Allied Professions,59168.0,20000.0,3768.0,32.05,75
Landscape Architecture,58877.0,23734.0,3477.0,33.975,26
Physics,57760.5,21500.0,2360.5,18.7,92
Mathematics,57579.0,19750.0,2179.0,22.15,317
International Business,57396.0,23250.0,1996.0,23.94,129
Cognitive Science,56137.5,17750.0,737.5,19.24,20
"Allied Health Diagnostic, Intervention, and Treatment Professions",55995.0,25152.0,595.0,21.95,267
"Business/Commerce, General",55480.0,23077.0,80.0,45.345,299
Urban Studies/Affairs,55065.0,20750.0,-335.0,24.86,28
"City/Urban, Community and Regional Planning",55046.0,23444.0,-354.0,37.69,17
Marketing,54209.0,22625.0,-1191.0,28.355,547
"Homeland Security, Law Enforcement, Firefighting and Related Protective Services, Other",54152.0,25000.0,-1248.0,19.64,17
Agricultural Business and Management,53915.0,18062.5,-1485.0,36.72,82
"Health Professions and Related Clinical Sciences, Other",53762.0,24489.0,-1638.0,24.19,63
"Business Administration, Management and Operations",53730.0,23830.0,-1670.0,32.725,1355
Cell/Cellular Biology and Anatomical Sciences,53710.0,19420.0,-1690.0,31.105,40
Public Policy Analysis,53669.0,21000.0,-1731.0,36.26,42
"Business, Management, Marketing, and Related Support Services, Other",53461.5,22353.5,-1938.5,15.58,48
Biotechnology,53392.5,21250.0,-2007.5,24.84,20
Human Resources Management and Services,53317.0,23351.5,-2083.0,41.480000000000004,221
International Relations and National Security Studies,53050.0,20958.0,-2350.0,27.740000000000002,131
Chemistry,52908.0,22128.0,-2492.0,39.0,247
Architectural Sciences and Technology,52777.5,26833.0,-2622.5,70.055,30
Homeland Security,52706.0,22186.0,-2694.0,22.875,37
Business/Corporate Communications,52519.0,22079.0,-2881.0,31.494999999999997,15
Public Administration,52186.0,20562.5,-3214.0,34.82,60
"Biological and Biomedical Sciences, Other",51666.0,20000.0,-3734.0,23.33,15
Communication Disorders Sciences and Services,51334.0,20500.0,-4066.0,53.225,215
Political Science and Government,51184.0,21500.0,-4216.0,44.14,585
Non-Professional General Legal Studies (Undergraduate),50944.0,24876.5,-4456.0,41.57,44
Biological and Physical Sciences,50653.0,21742.5,-4747.0,47.34,31
Geological and Earth Sciences/Geosciences,49850.5,21500.0,-5549.5,57.99,140
Microbiological Sciences and Immunology,49690.0,20256.5,-5710.0,99.99,59
"Physiology, Pathology and Related Sciences",49460.0,22013.0,-5940.0,46.19,73
Health and Medical Administrative Services,49161.5,26283.0,-6238.5,27.53,328
"Public Relations, Advertising, and Applied Communication",48899.0,23250.0,-6501.0,36.165,205
Dietetics and Clinical Nutrition Services,48207.0,22022.5,-7193.0,126.26,71
Health/Medical Preparatory Programs,48056.0,23250.0,-7344.0,18.22,55
Atmospheric Sciences and Meteorology,48001.0,24000.0,-7399.0,29.325,17
Entrepreneurial and Small Business Operations,47731.0,22249.0,-7669.0,25.119999999999997,86
Forestry,47676.5,20581.5,-7723.5,29.22,32
Geography and Cartography,47450.5,20163.5,-7949.5,81.65,128
"Foods, Nutrition, and Related Services",47093.0,22745.5,-8307.0,63.18,59
"Biochemistry, Biophysics and Molecular Biology",46637.0,21362.0,-8763.0,30.064999999999998,147
"Social Sciences, Other",46334.0,22620.0,-9066.0,34.905,45
Interior Architecture,46252.0,22254.0,-9148.0,148.99,17
Nutrition Sciences,45970.5,20750.0,-9429.5,244.385,56
"Biology, General",45731.0,23250.0,-9669.0,49.1,932
International/Global Studies,45649.5,20500.0,-9750.5,43.065,90
"Multi/Interdisciplinary Studies, Other",45483.0,22123.0,-9917.0,33.075,240
Area Studies,45319.5,19999.0,-10080.5,48.59,84
Computer Software and Media Applications,45273.0,28735.0,-10127.0,16.064999999999998,89
Natural Resources Conservation and Research,45254.0,21125.0,-10146.0,40.05,289
"Romance Languages, Literatures, and Linguistics",45251.5,20750.0,-10148.5,42.21,268
Apparel and Textiles,45155.0,22700.0,-10245.0,86.205,62
Criminology,45113.0,23250.0,-10287.0,90.05000000000001,121
Criminal Justice and Corrections,45085.0,24685.0,-10315.0,58.71,755
Communication and Media Studies,44727.0,22791.5,-10673.0,44.8,713
"Teacher Education and Professional Development, Specific Subject Areas",44714.0,25000.0,-10686.0,73.13,419
Plant Sciences,44652.5,17924.0,-10747.5,66.17,54
Journalism,44502.0,22483.5,-10898.0,68.725,207
Special Education and Teaching,44330.0,24883.0,-11070.0,68.45,221
Neurobiology and Neurosciences,44237.0,21168.0,-11163.0,43.02,101
Family and Consumer Economics and Related Studies,44217.0,20645.0,-11183.0,36.935,18
Security Science and Technology,44168.0,24121.0,-11232.0,34.585,53
Natural Resources Management and Policy,44047.5,23160.0,-11352.5,20.27,34
Community Organization and Advocacy,43904.0,24151.0,-11496.0,28.560000000000002,23
Sociology,43888.0,22625.0,-11512.0,35.620000000000005,509
"East Asian Languages, Literatures, and Linguistics",43544.5,21040.0,-11855.5,31.880000000000003,26
Legal Support Services,43482.0,25390.0,-11918.0,,50
Hospitality Administration/Management,43422.0,22100.0,-11978.0,85.515,153
"Agriculture, General",43282.0,19400.0,-12118.0,158.81,52
Rehabilitation and Therapeutic Professions,43277.0,25000.0,-12123.0,26.134999999999998,78
"Legal Professions and Studies, Other",43264.0,24937.5,-12136.0,46.99,15
Public Health,43159.5,23250.0,-12240.5,34.120000000000005,232
Social Work,43103.0,23247.0,-12297.0,66.06,454
"Specialized Sales, Merchandising and  Marketing Operations",43005.5,26000.0,-12394.5,33.225,72
Health and Physical Education/Fitness,42768.5,24068.0,-12631.5,68.81,632
"Education, General",42725.0,24585.0,-12675.0,41.724999999999994,87
Animal Sciences,42640.0,20800.0,-12760.0,174.72,87
"Communication, Journalism, and Related Programs, Other",42559.0,24250.0,-12841.0,75.05,29
Mental and Social Health Services and Allied Professions,42435.0,25370.0,-12965.0,179.83,60
History,42318.0,21500.0,-13082.0,32.295,519
"Social Sciences, General",42246.5,22500.0,-13153.5,15.11,98
"Ethnic, Cultural Minority, Gender, and Group Studies",42007.0,21215.0,-13393.0,426.77,108
"Psychology, General",41799.0,23250.0,-13601.0,48.01,1119
"Liberal Arts and Sciences, General Studies and Humanities",41724.5,23000.0,-13675.5,41.445,522
"Teacher Education and Professional Development, Specific Levels and Methods",41686.0,24191.0,-13714.0,94.25,779
"Health Services/Allied Health/Health Sciences, General",41543.0,24000.0,-13857.0,23.41,181
"Multi-/Interdisciplinary Studies, General",41524.0,23869.0,-13876.0,39.55,67
"Parks, Recreation and Leisure Studies",41484.0,20250.0,-13916.0,31.14,67
Design and Applied Arts,41216.0,26000.0,-14184.0,41.995000000000005,384
Philosophy,41206.5,20500.0,-14193.5,25.68,104
"Clinical, Counseling and Applied Psychology",41118.0,25000.0,-14282.0,41.085,75
Sustainability Studies,40488.0,19047.0,-14912.0,36.68,27
"English Language and Literature, General",40281.0,21750.0,-15119.0,80.96000000000001,626
"Radio, Television, and Digital Communication",40098.0,22468.0,-15302.0,51.71,161
Research and Experimental Psychology,39922.5,19320.5,-15477.5,90.79,96
"Human Services, General",39660.5,26000.0,-15739.5,24.415,100
"Parks, Recreation and Leisure Facilities Management",39565.0,23125.0,-15835.0,28.66,61
"Linguistic, Comparative, and Related Language Studies and Services",39194.0,19798.0,-16206.0,135.515,106
"Human Development, Family Studies, and Related Services",38803.0,22913.5,-16597.0,33.85,181
Agricultural Production Operations,38787.0,21811.0,-16613.0,75.84,22
"Ecology, Evolution, Systematics, and Population Biology",38304.5,21410.0,-17095.5,29.16,74
Veterinary/Animal Health Technologies/Technicians,38174.5,23626.0,-17225.5,,16
Behavioral Sciences,37783.0,25014.5,-17617.0,,26
"Education, Other",37761.0,24562.5,-17639.0,59.75,30
Wildlife and Wildlands Science and Management,37207.0,21687.5,-18193.0,,39
"Family and Consumer Sciences/Human Sciences, General",37008.0,23753.5,-18392.0,,52
Bible/Biblical Studies,36626.0,23562.5,-18774.0,26.54,49
Anthropology,36525.0,20659.5,-18875.0,142.29,210
Educational Administration and Supervision,36299.0,26616.0,-19101.0,107.0,15
Graphic Communications,36185.0,26979.0,-19215.0,21.04,70
Religious Education,36148.0,25218.5,-19252.0,,17
Rhetoric and Composition/Writing Studies,36138.5,23250.0,-19261.5,28.57,148
"Arts, Entertainment,and Media Management",35853.5,25000.0,-19546.5,85.63,50
American Sign Language,35419.5,23500.0,-19980.5,,22
Pastoral Counseling and Specialized Ministries,35364.5,24775.0,-20035.5,,34
Zoology/Animal Biology,35138.5,23250.0,-20261.5,,58
Theological and Ministerial Studies,34877.0,23456.0,-20523.0,,31
Audiovisual Communications Technologies/Technicians,34722.5,27000.0,-20677.5,38.41,34
Religion/Religious Studies,34661.5,24174.5,-20738.5,130.785,50
Film/Video and Photographic Arts,34614.0,24000.0,-20786.0,245.45499999999998,184
Culinary Arts and Related Services,34426.5,27000.0,-20973.5,,32
"English Language and Literature/Letters, Other",34198.5,20427.0,-21201.5,,18
Fine and Studio Arts,33857.0,23629.5,-21543.0,28.485,488
Music,33086.0,25000.0,-22314.0,192.835,297
"Visual and Performing Arts, General",32053.0,23625.0,-23347.0,22.974999999999998,86
Drama/Theatre Arts and Stagecraft,27848.0,23750.0,-27552.0,232.67,301
Dance,25554.5,24750.0,-29845.5,,70
