UNITID,INSTNM,CITY,STABBR,sector,UGDS,annual_net_cost,median_debt,midcareer_earnings,earn_premium_10yr,roi_debt_adjusted,payback_period_years,npv_10yr,npv_20yr,npv_30yr,debt_to_earnings_ratio
111434,Canada College,Redwood City,CA,Public,4878.0,10.0,,50087.0,-5313.0,1251.175,,-213628.78398007323,-262250.34331148915,-275001.1387549647,
123217,College of the Sequoias,Visalia,CA,Public,10752.0,29.0,4500.0,39092.0,-16308.0,297.2068965517241,,-256370.22532696818,-371849.9874811464,-439659.1114736294,0.11511306661209454
135647,Miami Lakes Educational Center and Technical College,Miami Lakes,FL,Public,730.0,98.0,,35014.0,-20386.0,88.32142857142857,,-272447.7318692356,-412724.92477477575,-500954.95498125174,
485458,Coastal Pines Technical College,Waycross,GA,Public,1688.0,124.0,,30214.0,-25186.0,59.91532258064516,,-291171.29259396513,-460636.2411656496,-572902.6494562762,
241720,Colegio Universitario de San Juan,San Juan,PR,Public,542.0,200.0,,26510.0,-28890.0,32.1375,,-305822.6845257423,-497810.8512198018,-628625.3312653648,
420431,Oconee Fall Line Technical College,Sandersville,GA,Public,1580.0,294.0,6514.0,30899.0,-24501.0,19.735544217687075,,-289129.8350607355,-454429.44766756403,-563265.6645024316,0.21081588400919124
198321,Cleveland Community College,Shelby,NC,Public,1236.0,414.0,,33755.0,-21645.0,19.383454106280194,,-278481.0583355515,-426413.9563210241,-520948.528195822,
120421,Oxnard College,Oxnard,CA,Public,6059.0,659.0,,41393.0,-14007.0,14.702959028831563,,-249726.69450243402,-351214.57628415414,-407501.26153254736,
198251,Central Carolina Community College,Sanford,NC,Public,3255.0,616.0,,33525.0,-21875.0,12.605925324675324,,-280106.94554444443,-429438.4234889198,-525124.73848025,
119137,Moorpark College,Moorpark,CA,Public,12011.0,742.0,9500.0,49044.0,-6356.0,12.323450134770889,,-220333.8336044796,-275297.6490108515,-293271.3491088622,0.19370361308213033
111887,Cerritos College,Norwalk,CA,Public,18710.0,693.0,8447.0,41156.0,-14244.0,10.79978354978355,,-250769.92687284813,-353698.95409058407,-411172.4355068824,0.20524346389347847
133021,Chipola College,Marianna,FL,Public,1218.0,832.0,,37378.0,-18022.0,10.231370192307692,,-265937.2021152574,-391839.4253552212,-468231.539355253,
175519,Coahoma Community College,Clarksdale,MS,Public,1314.0,560.0,,24289.0,-31111.0,9.84330357142857,,-315749.3252314757,-521242.9097035574,-663179.2221918073,
155098,Fort Scott Community College,Fort Scott,KS,Public,763.0,665.0,9500.0,37213.0,-18187.0,9.41842105263158,,-265971.3877938624,-392876.94013485004,-470095.3046315245,0.2552871308413726
170240,Henry Ford College,Dearborn,MI,Public,8695.0,576.0,14250.0,34795.0,-20605.0,7.917100694444445,,-275032.77828128636,-416641.66253909434,-505968.35249565967,0.4095416008047133
218025,Florence-Darlington Technical College,Florence,SC,Public,2890.0,598.0,12250.0,32748.0,-22652.0,7.5693979933110365,,-283057.20650119835,-437113.4523941308,-536690.6560878329,0.37406864541346035
101301,George C Wallace State Community College-Selma,Selma,AL,Public,828.0,970.0,,31598.0,-23802.0,7.143814432989691,,-288870.7693925873,-449919.91508053354,-555255.8343568967,
141006,South Georgia Technical College,Americus,GA,Public,1302.0,1026.0,,30364.0,-25036.0,6.398635477582846,,-293863.29610346677,-462416.12731058424,-573931.3987860812,
143613,Carl Sandburg College,Galesburg,IL,Public,1124.0,1036.0,4909.0,35274.0,-20126.0,6.32746138996139,,-274843.4928194398,-413539.6822930638,-500467.74201998144,0.1391676588989057
487162,Southern Regional Technical College,Thomasville,GA,Public,2960.0,1085.0,,31293.0,-24107.0,6.21036866359447,,-290471.93670835893,-453375.72103759146,-560238.9518380518,
409315,South Texas College,McAllen,TX,Public,16131.0,1291.0,,36788.0,-18612.0,6.123934934159566,,-269893.1611554518,-399383.04602937936,-478729.6315022547,
125499,West Valley College,Saratoga,CA,Public,6086.0,1842.0,,51688.0,-3712.0,6.015200868621064,,-214065.143134727,-252951.36979499768,-257685.0316316554,
122791,College of San Mateo,San Mateo,CA,Public,7359.0,1504.0,14695.0,54172.0,-1228.0,5.562001329787234,,-203197.636114123,-226979.19921716384,-219274.0353952736,0.2712655984641512
460394,Moreno Valley College,Moreno Valley,CA,Public,8292.0,1996.0,,52133.0,-3267.0,5.529684368737475,,-212897.06645035415,-249077.344929076,-251582.6342141823,
141255,Wiregrass Georgia Technical College,Valdosta,GA,Public,2762.0,1228.0,,30864.0,-24536.0,5.283387622149837,,-292655.994996173,-458168.43498806725,-567179.9170797984,
116439,Irvine Valley College,Irvine,CA,Public,9577.0,1886.0,6500.0,49156.0,-6244.0,4.654294803817604,,-224051.7527938885,-278334.5205680504,-295747.37184409756,0.132232077467654
117052,Reedley College,Reedley,CA,Public,4853.0,1584.0,2819.0,38493.0,-16907.0,4.630366161616162,,-264339.4792519148,-383461.6300819305,-454270.29375616484,0.07323409451069025
230490,Ogden-Weber Technical College,Ogden,UT,Public,2053.0,1614.0,,35032.0,-20368.0,4.426270136307311,,-277880.79359127564,-418048.5324130678,-506188.42620172823,
190512,CUNY Bernard M Baruch College,New York,NY,Public,15734.0,2978.0,11512.0,75971.0,20571.0,4.411265950302217,10.52,-123944.44125748027,-15171.028159212023,101694.34521609472,0.15153150544286637
190594,CUNY Hunter College,New York,NY,Public,16642.0,2446.0,11000.0,63163.0,7763.0,4.331459525756337,20.95,-171722.20816765417,-140831.4564385481,-88103.15191778327,0.1741525893323623
114938,Gavilan College,Gilroy,CA,Public,4410.0,2244.0,,47169.0,-8231.0,4.255013368983957,,-233062.9610160395,-299428.2434794991,-326791.15376663115,
139384,Georgia Northwestern Technical College,Rome,GA,Public,4080.0,1432.0,6421.0,35759.0,-19641.0,4.121857541899441,,-274398.6075839297,-410145.61757878686,-494645.0016034519,0.17956318689001372
115861,Imperial Valley College,Imperial,CA,Public,6881.0,1697.0,,34487.0,-20913.0,4.080583382439599,,-280297.263432316,-423779.0286787015,-514648.05289566645,
172671,West Shore Community College,Scottville,MI,Public,651.0,1335.0,9089.0,36115.0,-19285.0,4.061048689138577,,-272664.8433080502,-406247.09475766844,-488963.78074109234,0.2516682818773363
114789,Fresno City College,Fresno,CA,Public,18774.0,1699.0,4058.0,37361.0,-18039.0,3.900382577987051,,-269150.2996327363,-395155.89617401786,-471633.1390130977,0.10861593640427183
147378,Moraine Valley Community College,Palos Hills,IL,Public,7417.0,1771.0,9500.0,43892.0,-11508.0,3.854884246188594,,-244064.3193587247,-330356.3258467583,-374129.07175509067,0.21644035359518818
136145,North Florida College,Madison,FL,Public,817.0,1799.0,,33929.0,-21471.0,3.714980544747082,,-282833.15532112465,-429707.9971636995,-523371.25033294706,
111461,College of the Canyons,Santa Clarita,CA,Public,15365.0,2114.0,9612.0,49022.0,-6378.0,3.660596026490066,,-225399.43360963414,-280497.02622947586,-298580.89306037227,0.1960752315287014
198455,Durham Technical Community College,Durham,NC,Public,3195.0,1183.0,14750.0,36142.0,-19258.0,3.5207100591715976,,-272008.31007706304,-405426.3804010592,-488007.86175775976,0.4081124453544353
460464,Norco College,Norco,CA,Public,8359.0,2845.0,,51206.0,-4194.0,3.4996485061511424,,-219576.6085493169,-261393.7723410629,-268541.0871436709,
101897,Northeast Alabama Community College,Rainsville,AL,Public,1547.0,1612.0,6100.0,34913.0,-20487.0,3.468517369727047,,-278335.3823071643,-419226.7342381796,-507962.5299001762,0.17472001833128062
226408,College of the Mainland,Texas City,TX,Public,3342.0,1975.0,5960.0,39639.0,-15761.0,3.263164556962025,,-261311.0507361746,-373464.6249008984,-438534.60330754175,0.15035697166931558
190549,CUNY Brooklyn College,Brooklyn,NY,Public,10443.0,2943.0,11000.0,60752.0,5352.0,3.2262996941896023,28.96,-182883.54969729634,-166653.56440799742,-125998.53229575076,0.18106399789307348
190567,CUNY City College,New York,NY,Public,11934.0,3486.0,11990.0,66039.0,10639.0,2.8761474469305797,16.85,-164335.31345108277,-115956.23145201184,-48826.13039582677,0.18155938157755266
115393,Hartnell College,Salinas,CA,Public,7153.0,2895.0,,44316.0,-11084.0,2.8269430051813473,,-246498.74371947002,-330212.4984569942,-371862.03096789325,
226107,Lamar State College-Orange,Orange,TX,Public,1426.0,1691.0,10959.0,36587.0,-18813.0,2.788882318154938,,-272125.2163020771,-402837.3384445245,-483190.4472496735,0.29953262087626753
190600,CUNY John Jay College of Criminal Justice,New York,NY,Public,11340.0,3046.0,11000.0,56195.0,795.0,2.7093729481286934,172.53,-200943.50994219322,-212423.65018844028,-194588.15451983406,0.19574695257585195
451404,Talmudical Seminary of Bobov,Brooklyn,NY,Private Nonprofit,515.0,1525.0,,22432.0,-32968.0,2.6773770491803277,,-326459.3394696763,-543244.9369150976,-694480.3231746532,
124113,Taft College,Taft,CA,Public,3216.0,2699.0,,38861.0,-16539.0,2.5995739162652836,,-266958.5750292122,-383842.99792482366,-452808.8726126063,
122205,Saddleback College,Mission Viejo,CA,Public,15959.0,2976.0,9500.0,50874.0,-4526.0,2.475638440860215,,-221340.64334557668,-265176.626904231,-273986.4578576593,0.18673585721586666
